--
-- PostgreSQL database dump
--

\restrict iQuvEjMCRKa2BPZlKiu2PQ8RPFjuuSONp6pQsHp8DDUahGvbXsiUOZFdSzRzmFE

-- Dumped from database version 18.3 (Debian 18.3-1.pgdg13+1)
-- Dumped by pg_dump version 18.3 (Debian 18.3-1.pgdg13+1)

SET statement_timeout = 0;
SET lock_timeout = 0;
SET idle_in_transaction_session_timeout = 0;
SET transaction_timeout = 0;
SET client_encoding = 'UTF8';
SET standard_conforming_strings = on;
SELECT pg_catalog.set_config('search_path', '', false);
SET check_function_bodies = false;
SET xmloption = content;
SET client_min_messages = warning;
SET row_security = off;

SET default_tablespace = '';

SET default_table_access_method = heap;

--
-- Name: match; Type: TABLE; Schema: public; Owner: -
--

CREATE TABLE public.match (
    id integer NOT NULL,
    sport character varying NOT NULL,
    day character varying NOT NULL,
    "matchDate" character varying,
    "timeSlot" character varying NOT NULL,
    "teamAId" integer NOT NULL,
    "teamBId" integer NOT NULL,
    "scoreA" integer DEFAULT 0 NOT NULL,
    "scoreB" integer DEFAULT 0 NOT NULL,
    status character varying DEFAULT 'SCHEDULED'::character varying NOT NULL,
    result character varying,
    category character varying DEFAULT 'GRADE'::character varying NOT NULL,
    "youtubeUrl" character varying,
    "setsJson" text,
    "quarterCount" integer,
    "quarterMinutes" integer,
    "currentQuarter" integer,
    "quarterStartedAt" character varying,
    "bracketStage" character varying,
    "createdAt" timestamp without time zone DEFAULT now() NOT NULL
);


--
-- Name: match_id_seq; Type: SEQUENCE; Schema: public; Owner: -
--

CREATE SEQUENCE public.match_id_seq
    AS integer
    START WITH 1
    INCREMENT BY 1
    NO MINVALUE
    NO MAXVALUE
    CACHE 1;


--
-- Name: match_id_seq; Type: SEQUENCE OWNED BY; Schema: public; Owner: -
--

ALTER SEQUENCE public.match_id_seq OWNED BY public.match.id;


--
-- Name: notification_record; Type: TABLE; Schema: public; Owner: -
--

CREATE TABLE public.notification_record (
    id integer NOT NULL,
    "userSub" character varying NOT NULL,
    title character varying NOT NULL,
    body character varying NOT NULL,
    kind character varying DEFAULT 'INFO'::character varying NOT NULL,
    read boolean DEFAULT false NOT NULL,
    "createdAt" timestamp without time zone DEFAULT now() NOT NULL
);


--
-- Name: notification_record_id_seq; Type: SEQUENCE; Schema: public; Owner: -
--

CREATE SEQUENCE public.notification_record_id_seq
    AS integer
    START WITH 1
    INCREMENT BY 1
    NO MINVALUE
    NO MAXVALUE
    CACHE 1;


--
-- Name: notification_record_id_seq; Type: SEQUENCE OWNED BY; Schema: public; Owner: -
--

ALTER SEQUENCE public.notification_record_id_seq OWNED BY public.notification_record.id;


--
-- Name: push_subscription; Type: TABLE; Schema: public; Owner: -
--

CREATE TABLE public.push_subscription (
    endpoint text NOT NULL,
    p256dh text NOT NULL,
    auth text NOT NULL,
    "userSub" character varying,
    "teamId" integer,
    "createdAt" timestamp without time zone DEFAULT now() NOT NULL
);


--
-- Name: score_log; Type: TABLE; Schema: public; Owner: -
--

CREATE TABLE public.score_log (
    id integer NOT NULL,
    "matchId" integer NOT NULL,
    team character varying NOT NULL,
    delta integer NOT NULL,
    "scoreA" integer NOT NULL,
    "scoreB" integer NOT NULL,
    "timestamp" timestamp without time zone DEFAULT now() NOT NULL
);


--
-- Name: score_log_id_seq; Type: SEQUENCE; Schema: public; Owner: -
--

CREATE SEQUENCE public.score_log_id_seq
    AS integer
    START WITH 1
    INCREMENT BY 1
    NO MINVALUE
    NO MAXVALUE
    CACHE 1;


--
-- Name: score_log_id_seq; Type: SEQUENCE OWNED BY; Schema: public; Owner: -
--

ALTER SEQUENCE public.score_log_id_seq OWNED BY public.score_log.id;


--
-- Name: team; Type: TABLE; Schema: public; Owner: -
--

CREATE TABLE public.team (
    id integer NOT NULL,
    name character varying NOT NULL,
    grade integer,
    "classNumber" integer,
    category character varying DEFAULT 'GRADE'::character varying NOT NULL,
    "pointsAdjustment" integer DEFAULT 0,
    "createdAt" timestamp without time zone DEFAULT now() NOT NULL
);


--
-- Name: team_id_seq; Type: SEQUENCE; Schema: public; Owner: -
--

CREATE SEQUENCE public.team_id_seq
    AS integer
    START WITH 1
    INCREMENT BY 1
    NO MINVALUE
    NO MAXVALUE
    CACHE 1;


--
-- Name: team_id_seq; Type: SEQUENCE OWNED BY; Schema: public; Owner: -
--

ALTER SEQUENCE public.team_id_seq OWNED BY public.team.id;


--
-- Name: team_subscription; Type: TABLE; Schema: public; Owner: -
--

CREATE TABLE public.team_subscription (
    id integer NOT NULL,
    "userSub" character varying NOT NULL,
    "teamId" integer NOT NULL,
    "createdAt" timestamp without time zone DEFAULT now() NOT NULL
);


--
-- Name: team_subscription_id_seq; Type: SEQUENCE; Schema: public; Owner: -
--

CREATE SEQUENCE public.team_subscription_id_seq
    AS integer
    START WITH 1
    INCREMENT BY 1
    NO MINVALUE
    NO MAXVALUE
    CACHE 1;


--
-- Name: team_subscription_id_seq; Type: SEQUENCE OWNED BY; Schema: public; Owner: -
--

ALTER SEQUENCE public.team_subscription_id_seq OWNED BY public.team_subscription.id;


--
-- Name: match id; Type: DEFAULT; Schema: public; Owner: -
--

ALTER TABLE ONLY public.match ALTER COLUMN id SET DEFAULT nextval('public.match_id_seq'::regclass);


--
-- Name: notification_record id; Type: DEFAULT; Schema: public; Owner: -
--

ALTER TABLE ONLY public.notification_record ALTER COLUMN id SET DEFAULT nextval('public.notification_record_id_seq'::regclass);


--
-- Name: score_log id; Type: DEFAULT; Schema: public; Owner: -
--

ALTER TABLE ONLY public.score_log ALTER COLUMN id SET DEFAULT nextval('public.score_log_id_seq'::regclass);


--
-- Name: team id; Type: DEFAULT; Schema: public; Owner: -
--

ALTER TABLE ONLY public.team ALTER COLUMN id SET DEFAULT nextval('public.team_id_seq'::regclass);


--
-- Name: team_subscription id; Type: DEFAULT; Schema: public; Owner: -
--

ALTER TABLE ONLY public.team_subscription ALTER COLUMN id SET DEFAULT nextval('public.team_subscription_id_seq'::regclass);


--
-- Data for Name: match; Type: TABLE DATA; Schema: public; Owner: -
--

COPY public.match (id, sport, day, "matchDate", "timeSlot", "teamAId", "teamBId", "scoreA", "scoreB", status, result, category, "youtubeUrl", "setsJson", "quarterCount", "quarterMinutes", "currentQuarter", "quarterStartedAt", "bracketStage", "createdAt") FROM stdin;
44	빅발리볼	수	2026-04-15	LUNCH	11	12	42	50	DONE	3학년 2반 승	GRADE	https://www.youtube.com/live/8qBpJM3JAeQ?si=CW80PQSl6kXXy0P4	[{"a":22,"b":25},{"a":20,"b":25},{"a":0,"b":0}]	\N	\N	\N	\N	SEMI1	2026-04-15 00:54:53.190884
50	빅발리볼	월	2026-04-06	LUNCH	15	17	0	2	DONE	C팀 승	CLUB	https://www.youtube.com/watch?v=ueSt2WfFHZw&t=197s	[{"a":20,"b":25},{"a":20,"b":25}]	\N	\N	\N	\N	SEMI1	2026-04-15 01:15:06.875691
53	피구	월	2026-04-20	LUNCH	8	10	0	0	SCHEDULED	\N	GRADE	\N	\N	\N	\N	\N	\N	SEMI1	2026-04-19 13:58:44.009907
54	배드민턴	월	2026-04-20	DINNER	15	16	0	0	SCHEDULED	\N	CLUB	\N	\N	\N	\N	\N	\N	SEMI2	2026-04-19 13:59:12.282503
55	빅발리볼	화	2026-04-21	LUNCH	13	14	0	0	SCHEDULED	\N	GRADE	\N	\N	\N	\N	\N	\N	SEMI2	2026-04-19 14:01:37.11993
56	피구	화	2026-04-21	DINNER	3	4	0	0	SCHEDULED	\N	GRADE	\N	\N	\N	\N	\N	\N	SEMI2	2026-04-19 14:02:25.265047
41	빅발리볼	화	2026-04-14	LUNCH	8	9	39	51	DONE	2학년 3반 승	GRADE	https://www.youtube.com/watch?v=k3603We36xI	[{"a":0,"b":25},{"a":25,"b":1},{"a":14,"b":25}]	4	10	\N	\N	\N	2026-04-14 04:17:09.346217
57	농구	수	2026-04-22	LUNCH	12	14	0	0	SCHEDULED	\N	GRADE	\N	\N	3	9	\N	\N	\N	2026-04-19 14:04:25.542053
39	빅발리볼	월	2026-04-13	LUNCH	3	6	33	50	DONE	1학년 4반 승	GRADE	https://www.youtube.com/watch?v=k8l1woASglk	[{"a":13,"b":25},{"a":20,"b":25},{"a":0,"b":0}]	4	10	\N	\N	\N	2026-04-13 02:50:12.402281
58	1학년 빅발리볼	수	2026-04-22	DINNER	3	4	0	0	SCHEDULED	\N	GRADE	\N	\N	\N	\N	\N	\N	SEMI1	2026-04-19 14:07:47.055478
60	피구	목	2026-04-23	DINNER	11	14	0	0	SCHEDULED	\N	GRADE	\N	\N	\N	\N	\N	\N	SEMI2	2026-04-19 14:08:36.08157
52	피구	수	2026-04-15	DINNER	5	6	0	2	DONE	1학년 4반 승	GRADE	https://www.youtube.com/watch?v=mdyBtIGe--Q	\N	\N	\N	\N	\N	SEMI1	2026-04-15 08:47:47.953647
36	농구	월	2026-04-06	LUNCH	12	13	36	31	DONE	무승부	GRADE	https://www.youtube.com/watch?v=jCUw5ygflG8	\N	3	10	\N	\N	\N	2026-04-13 01:08:44.048934
61	빅발리볼	화	2026-04-14	LUNCH	8	9	1	2	DONE	2학년 3반 승	GRADE	\N	[{"a":25,"b":20},{"a":20,"b":25},{"a":20,"b":25}]	\N	\N	\N	\N	SEMI2	2026-04-19 14:17:25.182449
29	빅발리볼	수	2026-04-08	LUNCH	3	4	0	2	DONE	1학년 2반 승	GRADE	https://www.youtube.com/watch?v=KUla_FRej5Y&t=1448s	[{"a":20,"b":25},{"a":20,"b":25}]	\N	\N	\N	\N	SEMI1	2026-04-13 00:58:02.520909
30	빅발리볼	목	2026-04-09	DINNER	5	6	2	1	DONE	1학년 3반 승	GRADE	https://www.youtube.com/watch?v=-TpGRxQrpwo	[{"a":25,"b":20},{"a":20,"b":25},{"a":25,"b":20}]	\N	\N	\N	\N	SEMI2	2026-04-13 01:00:13.70398
37	농구	목	2026-04-09	LUNCH	11	14	32	28	DONE	무승부	GRADE	https://www.youtube.com/watch?v=BMwnFZvD5TE	\N	3	10	\N	\N	\N	2026-04-13 01:09:37.776007
31	피구	금	2026-04-10	LUNCH	1	2	1	2	DONE	\N	CLUB	https://www.youtube.com/watch?v=feDdurNNQaY	\N	4	10	\N	\N	\N	2026-04-13 01:00:46.913132
46	빅발리볼	목	2026-04-16	LUNCH	7	10	50	38	DONE	2학년 1반 승	GRADE	https://www.youtube.com/watch?v=ZDZORMfCJF0	[{"a":25,"b":21},{"a":25,"b":17},{"a":0,"b":0}]	\N	\N	\N	\N	SEMI1	2026-04-15 00:55:28.097437
47	피구	목	2026-04-16	DINNER	12	13	2	0	DONE	3학년 2반 승	GRADE	https://www.youtube.com/watch?v=QsTLStmKWLg	\N	\N	\N	\N	\N	SEMI1	2026-04-15 00:55:49.424488
49	배드민턴	화	2026-04-14	DINNER	17	18	3	2	DONE	C팀 승	CLUB	https://www.youtube.com/watch?v=yOfPJW494Jw	[{"a":25,"b":20},{"a":20,"b":25},{"a":25,"b":20},{"a":20,"b":25},{"a":25,"b":20}]	\N	\N	\N	\N	SEMI1	2026-04-15 01:08:30.74882
51	빅발리볼	월	2026-04-06	DINNER	16	18	1	2	DONE	D팀 승	CLUB	https://www.youtube.com/watch?v=Tu2TocE6tM8&t=387s	[{"a":25,"b":20},{"a":20,"b":25},{"a":20,"b":25}]	\N	\N	\N	\N	SEMI2	2026-04-15 01:15:33.846409
\.


--
-- Data for Name: notification_record; Type: TABLE DATA; Schema: public; Owner: -
--

COPY public.notification_record (id, "userSub", title, body, kind, read, "createdAt") FROM stdin;
\.


--
-- Data for Name: push_subscription; Type: TABLE DATA; Schema: public; Owner: -
--

COPY public.push_subscription (endpoint, p256dh, auth, "userSub", "teamId", "createdAt") FROM stdin;
https://web.push.apple.com/QDClmKTZjZY1b6w7W0cWNzzE7ZyMgIpLIIED6lhZWX7q05meVjW5JehUbIDBWlwdJjRUEtmpyHe58lQEQG1dLtCBeykfaVTDScWDZg6pkw_zTD5hwo_o6l0-NmOPWHrd13QwG8wTi2LC93LZ5Ditc5suGQRZie5ETe9jDrrTEHw	BGvvq6OFwo5EOrAbh8XCYwVpl9O7Ywnf09kV6z8fa4jJAZv3HY6H5OM-foBFYuT516WJrvxvpRK_4nzfmpQr7M4	tj6ULOrMNGxo4gDpUjlyEQ	\N	\N	2026-04-09 14:43:56.837548
https://web.push.apple.com/QEchP5_Ikd0GG8X_G1bCdWU8XERQlddOz7rVyaVvA2mEDhtjNO_McZvgMMozY6LA50Bys6AOjZejXfZjCUXz-nB7PRFmdWvwjQ08PLkjG--qYmPiy6M6FyLbikhQ1KHI2Co8iwNfkSBDggXrKsnTY7TCNUxy7ZkAT1L3y_-CqM4	BIuOLR-dD_BL-IuvEECQqoZ5gGcyxPJbFxCWwWnk6mVllp_XAa5qS9a288m2g1fBjU4U29kUTj2RD_A9_UtxD-0	sAprr5X0LlULsYgalfUIKA	\N	\N	2026-04-09 15:09:30.036294
https://fcm.googleapis.com/fcm/send/ca0dpvO3rdk:APA91bH_hfZPKc3mgVMsZyWDtUPjTAEELLkDB4BsRUG914832bniUoppkHownEy1_Rd_hZ4qyU6CVEqdCemmkViYpk126ZD6m74c6pEQm58-tMnwBBBBAQ2ViltfAthaj4DmkfWSChH2	BLbcA-97z76xZdRU9cTQobuXy1UP3LNAsFcXGj1UzJDzY9LO88x4G4-6Kj0_7AIfkHnHk7ofkjPLYklhsp34JLs	ZhaKvWlI63nTBfGOXL6fbQ	\N	\N	2026-04-13 01:02:34.14333
https://updates.push.services.mozilla.com/wpush/v2/gAAAAABp3F_G12_tt2wqOy6nkA8_DtVvSdBk7Zu2A5BRqRPOjUBnZYF6lobS7vghtkig4J0c0FrxFR_V1djCWav_P9UGCvEzhlRFSRA6cmsSpAJvOuNZAki8WhwcpZHvc7_RFxdnLrQBUBeVBPDEsrcrkeF170Z45rUFd8CE95G9gHZiAbTS7wg	BPmfBu8fUZCJF0nLl4iN0lok14NtHX4uiUDydvdU32BDNfp_6Fcv6fHGyjIm_bAdV5Yb6mCK_bZeHB7uP056fzY	iVbneXrWa_LQyqDVqHpNdQ	\N	\N	2026-04-13 03:15:19.396154
https://fcm.googleapis.com/fcm/send/fDgST9EnDNE:APA91bFDzwaEynKoj9e2QjCfzuxKf0BLSqY0GIf864Q5DbfLmMmDU_1-Ulv3LoLuFK03r05Fl-KW_dEEUbub8bhTBor5uPig2VJ9sj0Z9bF092_jH7PRED90cZ36FZ4BjxnsDidwVpx9	BDlPSfHNL3gYvA8ZTbWsAbTNejcvDYTppVpzgHHViyVG2NdLtvIvrPO3TZXzRB_ZPP0RfeKU4wk-A1NbunxwgR0	UZ-XbMchejEVKuG2dpwN6g	\N	\N	2026-04-13 05:28:20.602819
https://fcm.googleapis.com/fcm/send/e36ebIm8XBo:APA91bFJZSI0WJdUt5tW9XztsSS4vksGFZ0HLB9fzlzTQFz0yLQ39KoAB14vmfnuO3dwmdE_GkW1veAy3SWnXpRxC03o_Z-XsBscgJMEkQl4rHaSdTiqI-rjUx-zAQFdCAhekam__Dfu	BK8AkH41a8qTs3WZAQ6ljjd_ip06GQG5-AO766_sIqTO_W3RFMlRArx4z3hK0GodM08Q0BTWXNgCC5x9nys5Fgk	Hs7odTbalopbNfSu6Qia-Q	\N	\N	2026-04-13 06:28:08.573444
\.


--
-- Data for Name: score_log; Type: TABLE DATA; Schema: public; Owner: -
--

COPY public.score_log (id, "matchId", team, delta, "scoreA", "scoreB", "timestamp") FROM stdin;
307	41	B	1	0	4	2026-04-14 04:17:26.354718
308	41	B	1	0	5	2026-04-14 04:17:27.254863
309	41	B	1	0	6	2026-04-14 04:17:28.351976
310	41	B	1	0	7	2026-04-14 04:17:29.149926
311	41	B	1	0	8	2026-04-14 04:17:29.760943
312	41	B	1	0	9	2026-04-14 04:17:30.371186
313	41	B	1	0	10	2026-04-14 04:17:30.965479
314	41	B	1	0	11	2026-04-14 04:17:31.666218
315	41	B	1	0	12	2026-04-14 04:17:32.807437
316	41	B	1	0	13	2026-04-14 04:17:33.565468
317	41	B	1	0	14	2026-04-14 04:17:34.280844
318	41	B	1	0	15	2026-04-14 04:17:35.027428
319	41	B	1	0	16	2026-04-14 04:17:36.011637
320	41	B	1	0	17	2026-04-14 04:17:36.6772
321	41	B	1	0	18	2026-04-14 04:17:37.629983
322	41	B	1	0	19	2026-04-14 04:17:38.277933
323	41	B	1	0	20	2026-04-14 04:17:39.275139
324	41	B	1	0	21	2026-04-14 04:17:39.924355
325	41	B	1	0	22	2026-04-14 04:17:40.511724
326	41	B	1	0	23	2026-04-14 04:17:41.105035
327	41	B	1	0	24	2026-04-14 04:17:41.894304
328	41	B	1	0	25	2026-04-14 04:17:42.654624
329	41	A	1	1	25	2026-04-14 04:17:44.591043
330	41	A	1	2	25	2026-04-14 04:17:45.475251
331	41	A	1	3	25	2026-04-14 04:17:46.193954
332	41	A	1	4	25	2026-04-14 04:17:47.078679
84	39	A	1	1	0	2026-04-13 03:58:19.607664
85	39	A	1	2	0	2026-04-13 03:58:21.636193
86	39	A	1	3	0	2026-04-13 03:58:23.032211
87	39	A	1	4	0	2026-04-13 03:58:24.283924
88	39	A	1	5	0	2026-04-13 03:58:25.633664
89	39	A	1	6	0	2026-04-13 03:58:27.348396
90	39	B	1	6	1	2026-04-13 03:58:29.037192
91	39	B	1	6	2	2026-04-13 03:58:30.834653
92	39	B	1	6	3	2026-04-13 03:58:32.088786
93	39	B	1	6	4	2026-04-13 03:58:33.277128
94	39	B	1	6	5	2026-04-13 03:58:34.380124
95	39	B	1	6	6	2026-04-13 03:58:35.610768
96	39	B	1	6	7	2026-04-13 03:58:36.655376
97	39	B	1	6	8	2026-04-13 03:58:38.24612
98	39	B	1	6	9	2026-04-13 03:58:38.926966
99	39	B	1	6	10	2026-04-13 03:58:40.08723
100	39	B	1	6	11	2026-04-13 03:58:41.005669
101	39	B	1	6	12	2026-04-13 03:58:42.061306
102	39	B	1	6	13	2026-04-13 03:58:43.163131
103	39	B	1	6	14	2026-04-13 03:58:44.042398
104	39	B	1	6	15	2026-04-13 03:58:45.074738
105	39	B	1	6	16	2026-04-13 03:58:59.247545
106	39	B	1	6	17	2026-04-13 03:59:20.634577
107	39	A	1	7	17	2026-04-13 03:59:52.257692
108	39	B	1	7	18	2026-04-13 04:00:35.225449
109	39	A	1	8	18	2026-04-13 04:01:01.359241
110	39	A	1	9	18	2026-04-13 04:02:02.510878
111	39	B	1	9	19	2026-04-13 04:02:26.962854
112	39	B	1	9	20	2026-04-13 04:02:35.815028
113	39	A	1	10	20	2026-04-13 04:02:59.284967
114	39	B	1	10	21	2026-04-13 04:03:12.081948
115	39	A	1	11	21	2026-04-13 04:03:26.901867
116	39	A	1	12	21	2026-04-13 04:03:44.614316
117	39	B	1	12	22	2026-04-13 04:03:59.697749
118	39	B	1	12	23	2026-04-13 04:04:23.593982
119	39	B	1	12	24	2026-04-13 04:04:36.575623
120	39	A	1	13	24	2026-04-13 04:04:56.095518
121	39	B	1	13	25	2026-04-13 04:05:05.311931
122	39	A	1	14	25	2026-04-13 04:05:49.573435
123	39	B	1	14	26	2026-04-13 04:06:05.279876
124	39	B	1	14	27	2026-04-13 04:06:09.425818
125	39	B	1	14	28	2026-04-13 04:06:23.653034
126	39	B	1	14	29	2026-04-13 04:06:31.108112
127	39	B	1	14	30	2026-04-13 04:06:52.943322
128	39	B	1	14	31	2026-04-13 04:07:02.769747
129	39	B	1	14	32	2026-04-13 04:07:24.493058
130	39	B	1	14	33	2026-04-13 04:07:42.276435
131	39	A	1	15	33	2026-04-13 04:07:54.218521
132	39	A	1	16	33	2026-04-13 04:08:05.730991
133	39	B	1	16	34	2026-04-13 04:08:33.723669
134	39	B	1	16	35	2026-04-13 04:08:44.096642
135	39	A	1	17	35	2026-04-13 04:09:12.163182
136	39	A	1	18	35	2026-04-13 04:09:20.27887
137	39	B	1	18	36	2026-04-13 04:09:59.607902
138	39	B	1	18	37	2026-04-13 04:10:10.068055
139	39	A	1	19	37	2026-04-13 04:10:37.132519
140	39	B	1	19	38	2026-04-13 04:10:48.349763
141	39	A	1	20	38	2026-04-13 04:10:59.286844
142	39	B	1	20	39	2026-04-13 04:11:34.210419
143	39	B	1	20	40	2026-04-13 04:11:35.108411
144	39	A	1	21	40	2026-04-13 04:11:43.411618
145	39	A	1	22	40	2026-04-13 04:11:59.084389
146	39	B	1	22	41	2026-04-13 04:12:09.079035
147	39	A	1	23	41	2026-04-13 04:12:46.385753
148	39	A	1	24	41	2026-04-13 04:12:58.288052
149	39	B	1	24	42	2026-04-13 04:13:10.086666
150	39	B	1	24	43	2026-04-13 04:13:20.749748
151	39	A	1	25	43	2026-04-13 04:13:42.518353
152	39	B	1	25	44	2026-04-13 04:14:02.634706
153	39	B	1	25	45	2026-04-13 04:14:18.95267
154	39	B	1	25	46	2026-04-13 04:14:41.794786
155	39	A	1	26	46	2026-04-13 04:15:01.838548
156	39	A	1	27	46	2026-04-13 04:15:20.262648
157	39	B	1	27	47	2026-04-13 04:15:36.426964
158	39	A	1	28	47	2026-04-13 04:15:49.523648
159	39	A	1	29	47	2026-04-13 04:16:13.127013
160	39	A	1	30	47	2026-04-13 04:16:31.726639
161	39	B	1	30	48	2026-04-13 04:16:40.663161
162	39	A	1	31	48	2026-04-13 04:16:52.499975
163	39	A	1	32	48	2026-04-13 04:17:07.012625
164	39	B	1	32	49	2026-04-13 04:17:27.230984
165	39	A	1	33	49	2026-04-13 04:17:41.437203
166	39	B	1	33	50	2026-04-13 04:17:56.148406
333	41	A	1	5	25	2026-04-14 04:17:47.666719
334	41	A	1	6	25	2026-04-14 04:17:48.566085
335	41	A	1	7	25	2026-04-14 04:17:49.292171
336	41	A	1	8	25	2026-04-14 04:17:49.88633
337	41	A	1	9	25	2026-04-14 04:17:50.869765
338	41	A	1	10	25	2026-04-14 04:17:51.432689
339	41	A	1	11	25	2026-04-14 04:17:52.039728
340	41	A	1	12	25	2026-04-14 04:17:52.999755
341	41	A	1	13	25	2026-04-14 04:17:53.788709
342	41	A	1	14	25	2026-04-14 04:17:54.473922
343	41	A	1	15	25	2026-04-14 04:17:55.180273
344	41	A	1	16	25	2026-04-14 04:17:56.19962
345	41	A	1	17	25	2026-04-14 04:17:57.290714
346	41	A	1	18	25	2026-04-14 04:17:57.875888
347	41	A	1	19	25	2026-04-14 04:17:58.664499
348	41	A	1	20	25	2026-04-14 04:17:59.599651
349	41	A	1	21	25	2026-04-14 04:18:00.25572
350	41	B	1	21	26	2026-04-14 04:18:02.022586
351	41	A	1	22	26	2026-04-14 04:18:03.300854
352	41	A	1	23	26	2026-04-14 04:18:03.995669
353	41	A	1	24	26	2026-04-14 04:18:04.680752
354	41	A	1	25	26	2026-04-14 04:18:05.577067
355	41	B	1	25	27	2026-04-14 04:18:10.524824
356	41	B	1	25	28	2026-04-14 04:18:11.515382
357	41	B	1	25	29	2026-04-14 04:18:12.407986
358	41	B	1	25	30	2026-04-14 04:18:13.075393
359	41	B	1	25	31	2026-04-14 04:18:13.903564
360	41	A	1	26	31	2026-04-14 04:18:15.243551
361	41	A	1	27	31	2026-04-14 04:18:15.940742
362	41	A	1	28	31	2026-04-14 04:18:16.644413
363	41	A	1	29	31	2026-04-14 04:18:17.516266
364	41	A	1	30	31	2026-04-14 04:18:48.511107
365	41	B	1	30	32	2026-04-14 04:18:49.932165
366	41	A	1	31	32	2026-04-14 04:18:54.985857
368	41	B	1	32	33	2026-04-14 04:19:36.095888
370	41	B	1	33	34	2026-04-14 04:20:15.074109
372	41	B	1	33	36	2026-04-14 04:20:59.45662
374	41	B	1	34	37	2026-04-14 04:21:58.258541
376	41	A	1	35	38	2026-04-14 04:22:40.698669
378	41	B	1	36	39	2026-04-14 04:23:08.66383
380	41	A	1	37	40	2026-04-14 04:23:59.333172
382	41	B	1	37	42	2026-04-14 04:24:47.715494
383	41	A	1	38	42	2026-04-14 04:24:56.682994
386	41	B	1	39	44	2026-04-14 04:25:42.58305
388	41	B	1	39	46	2026-04-14 04:26:11.570507
390	41	B	1	39	48	2026-04-14 04:26:44.648595
392	41	B	1	39	50	2026-04-14 04:27:13.696967
393	41	B	-1	39	49	2026-04-14 04:27:20.414366
394	41	B	1	39	50	2026-04-14 04:27:28.138982
401	44	A	1	1	0	2026-04-15 03:53:20.31789
402	44	A	-1	0	0	2026-04-15 03:53:22.694671
403	44	A	1	1	0	2026-04-15 03:53:30.478685
404	44	A	1	2	0	2026-04-15 03:53:33.082805
410	44	A	1	4	2	2026-04-15 03:57:06.978158
411	44	A	1	5	2	2026-04-15 03:57:09.735492
412	44	B	1	5	3	2026-04-15 03:57:17.296479
413	44	B	1	5	4	2026-04-15 03:57:17.594715
414	44	B	1	5	5	2026-04-15 03:57:18.557141
415	44	B	1	5	6	2026-04-15 03:57:19.137016
424	44	B	1	7	13	2026-04-15 04:00:11.152018
426	44	A	1	9	13	2026-04-15 04:01:17.807677
427	44	A	1	10	13	2026-04-15 04:01:20.460601
430	44	A	1	11	15	2026-04-15 04:02:05.06244
432	44	A	1	13	15	2026-04-15 04:02:32.340568
435	44	A	1	16	15	2026-04-15 04:03:30.967351
437	44	B	1	16	17	2026-04-15 04:04:01.856924
439	44	B	1	16	19	2026-04-15 04:04:38.126492
441	44	A	1	17	20	2026-04-15 04:05:27.348906
443	44	A	1	18	21	2026-04-15 04:06:09.51914
445	44	A	1	20	21	2026-04-15 04:06:36.14138
448	44	B	1	20	24	2026-04-15 04:07:37.455528
450	44	A	1	22	24	2026-04-15 04:08:08.661525
452	44	A	1	23	25	2026-04-15 04:09:12.142133
454	44	B	1	24	26	2026-04-15 04:09:42.810995
455	44	A	-1	23	26	2026-04-15 04:09:45.833456
456	44	A	-1	22	26	2026-04-15 04:09:46.519351
457	44	B	1	22	27	2026-04-15 04:09:48.750133
458	44	A	1	23	27	2026-04-15 04:09:51.289239
463	44	B	1	25	30	2026-04-15 04:11:44.639706
464	44	B	-1	25	29	2026-04-15 04:11:52.980514
465	44	A	1	26	29	2026-04-15 04:11:55.162337
467	44	B	1	27	30	2026-04-15 04:12:59.996114
469	44	B	1	28	31	2026-04-15 04:13:42.819475
471	44	B	1	28	33	2026-04-15 04:14:16.127478
473	44	B	1	28	35	2026-04-15 04:14:45.100044
475	44	B	-1	28	35	2026-04-15 04:15:25.395395
476	44	A	1	29	35	2026-04-15 04:15:33.880787
478	44	A	1	30	36	2026-04-15 04:16:13.345688
481	44	B	1	32	37	2026-04-15 04:16:56.86752
483	44	A	1	34	37	2026-04-15 04:17:34.414322
484	44	B	1	34	38	2026-04-15 04:17:44.28671
486	44	B	1	34	40	2026-04-15 04:18:15.46632
488	44	B	1	34	42	2026-04-15 04:18:48.778423
489	44	B	-1	34	41	2026-04-15 04:18:50.168082
490	44	A	1	35	41	2026-04-15 04:18:51.503848
492	44	A	1	36	42	2026-04-15 04:19:27.711941
494	44	A	1	38	42	2026-04-15 04:19:58.947986
496	44	B	1	38	44	2026-04-15 04:20:32.559676
498	44	B	1	39	45	2026-04-15 04:21:03.594223
500	44	B	1	39	47	2026-04-15 04:21:55.541133
503	44	A	1	41	48	2026-04-15 04:22:31.327818
505	44	B	1	42	49	2026-04-15 04:23:04.267385
509	52	A	1	1	0	2026-04-15 09:55:17.383305
510	52	A	1	2	0	2026-04-15 09:55:18.745903
511	52	A	-1	1	0	2026-04-15 09:55:21.667215
512	52	A	-1	0	0	2026-04-15 09:55:22.466804
513	52	B	1	0	1	2026-04-15 09:55:23.657139
514	52	B	1	0	2	2026-04-15 09:55:24.802041
518	46	B	1	0	4	2026-04-16 03:54:08.089521
519	46	A	1	1	4	2026-04-16 03:54:09.114752
522	46	A	1	4	4	2026-04-16 03:55:03.179741
523	46	B	1	4	5	2026-04-16 03:55:12.266616
524	46	B	1	4	6	2026-04-16 03:55:21.122669
527	46	A	1	7	6	2026-04-16 03:56:33.69032
530	46	B	1	8	8	2026-04-16 03:57:36.973557
532	46	A	1	10	8	2026-04-16 03:58:05.842997
533	46	A	1	11	8	2026-04-16 03:58:12.977974
535	46	A	1	12	9	2026-04-16 03:58:44.845771
537	46	B	1	12	11	2026-04-16 03:59:12.493221
541	46	A	1	14	13	2026-04-16 04:00:14.481976
543	46	A	1	15	14	2026-04-16 04:01:42.83411
544	46	A	1	16	14	2026-04-16 04:01:43.949314
546	46	A	1	17	15	2026-04-16 04:02:20.102576
548	46	B	1	17	17	2026-04-16 04:03:00.167686
367	41	A	1	32	32	2026-04-14 04:19:22.088729
369	41	A	1	33	33	2026-04-14 04:19:52.783664
371	41	B	1	33	35	2026-04-14 04:20:37.85456
373	41	A	1	34	36	2026-04-14 04:21:37.030154
375	41	B	1	34	38	2026-04-14 04:22:09.826992
377	41	A	1	36	38	2026-04-14 04:22:57.846772
379	41	B	1	36	40	2026-04-14 04:23:31.180162
381	41	B	1	37	41	2026-04-14 04:24:30.071254
384	41	B	1	38	43	2026-04-14 04:25:07.307432
385	41	A	1	39	43	2026-04-14 04:25:14.796206
387	41	B	1	39	45	2026-04-14 04:25:57.406731
389	41	B	1	39	47	2026-04-14 04:26:30.70236
391	41	B	1	39	49	2026-04-14 04:27:02.252225
395	41	B	1	39	51	2026-04-14 04:27:38.327493
405	44	A	1	3	0	2026-04-15 03:53:44.306615
406	44	B	1	3	1	2026-04-15 03:53:46.018963
407	44	A	1	4	1	2026-04-15 03:53:55.587795
408	44	B	1	4	2	2026-04-15 03:54:00.081357
409	44	A	-1	3	2	2026-04-15 03:54:02.484663
416	44	B	1	5	7	2026-04-15 03:59:42.125575
417	44	B	1	5	8	2026-04-15 03:59:44.624747
418	44	B	1	5	9	2026-04-15 03:59:45.171087
419	44	B	1	5	10	2026-04-15 03:59:45.808157
420	44	B	1	5	11	2026-04-15 03:59:46.172086
421	44	B	1	5	12	2026-04-15 03:59:48.144984
422	44	A	1	6	12	2026-04-15 03:59:49.643976
423	44	A	1	7	12	2026-04-15 03:59:50.743061
425	44	A	1	8	13	2026-04-15 04:00:32.371171
428	44	B	1	10	14	2026-04-15 04:01:39.555752
429	44	B	1	10	15	2026-04-15 04:01:48.606808
431	44	A	1	12	15	2026-04-15 04:02:16.419822
433	44	A	1	14	15	2026-04-15 04:03:05.480883
434	44	A	1	15	15	2026-04-15 04:03:11.701174
436	44	B	1	16	16	2026-04-15 04:03:50.677862
438	44	B	1	16	18	2026-04-15 04:04:19.19296
440	44	B	1	16	20	2026-04-15 04:05:06.933012
442	44	B	1	17	21	2026-04-15 04:05:43.376333
444	44	A	1	19	21	2026-04-15 04:06:21.78053
446	44	B	1	20	22	2026-04-15 04:07:04.108819
447	44	B	1	20	23	2026-04-15 04:07:04.941892
449	44	A	1	21	24	2026-04-15 04:07:53.53252
451	44	B	1	22	25	2026-04-15 04:08:21.616879
453	44	A	1	24	25	2026-04-15 04:09:26.692703
459	44	A	1	24	27	2026-04-15 04:10:59.313836
460	44	B	1	24	28	2026-04-15 04:11:01.047787
461	44	A	1	25	28	2026-04-15 04:11:02.882654
462	44	B	1	25	29	2026-04-15 04:11:12.797709
466	44	A	1	27	29	2026-04-15 04:12:23.549743
468	44	A	1	28	30	2026-04-15 04:13:27.34191
470	44	B	1	28	32	2026-04-15 04:13:59.415489
472	44	B	1	28	34	2026-04-15 04:14:23.387288
474	44	B	1	28	36	2026-04-15 04:15:05.69675
477	44	B	1	29	36	2026-04-15 04:16:02.764062
479	44	A	1	31	36	2026-04-15 04:16:25.73603
480	44	A	1	32	36	2026-04-15 04:16:34.935715
482	44	A	1	33	37	2026-04-15 04:17:14.823399
485	44	B	1	34	39	2026-04-15 04:18:03.771708
487	44	B	1	34	41	2026-04-15 04:18:31.331649
491	44	B	1	35	42	2026-04-15 04:19:05.271701
493	44	A	1	37	42	2026-04-15 04:19:40.210428
495	44	B	1	38	43	2026-04-15 04:20:11.937938
497	44	A	1	39	44	2026-04-15 04:20:51.655639
499	44	B	1	39	46	2026-04-15 04:21:20.784446
501	44	B	1	39	48	2026-04-15 04:22:06.742172
502	44	A	1	40	48	2026-04-15 04:22:15.676585
504	44	A	1	42	48	2026-04-15 04:22:49.398046
506	44	A	1	43	49	2026-04-15 04:23:21.06905
507	44	A	-1	42	49	2026-04-15 04:23:23.554353
508	44	B	1	42	50	2026-04-15 04:23:24.575548
515	46	B	1	0	1	2026-04-16 03:53:46.288714
516	46	B	1	0	2	2026-04-16 03:53:47.23264
517	46	B	1	0	3	2026-04-16 03:53:48.165443
520	46	A	1	2	4	2026-04-16 03:54:26.189581
521	46	A	1	3	4	2026-04-16 03:54:35.081207
525	46	A	1	5	6	2026-04-16 03:56:12.403817
526	46	A	1	6	6	2026-04-16 03:56:13.594481
528	46	B	1	7	7	2026-04-16 03:57:03.281099
529	46	A	1	8	7	2026-04-16 03:57:05.352196
531	46	A	1	9	8	2026-04-16 03:57:50.945181
534	46	B	1	11	9	2026-04-16 03:58:27.844879
536	46	B	1	12	10	2026-04-16 03:58:56.788793
538	46	A	1	13	11	2026-04-16 03:59:37.467723
539	46	B	1	13	12	2026-04-16 03:59:42.316377
540	46	B	1	13	13	2026-04-16 03:59:45.312689
542	46	B	1	14	14	2026-04-16 04:01:09.739678
545	46	B	1	16	15	2026-04-16 04:02:01.065525
547	46	B	1	17	16	2026-04-16 04:02:40.58359
304	41	B	1	0	1	2026-04-14 04:17:23.238278
305	41	B	1	0	2	2026-04-14 04:17:23.890742
306	41	B	1	0	3	2026-04-14 04:17:25.180766
549	46	B	1	17	18	2026-04-16 04:03:12.664104
550	46	A	1	18	18	2026-04-16 04:03:25.005815
551	46	B	1	18	19	2026-04-16 04:03:37.011949
552	46	A	1	19	19	2026-04-16 04:04:03.468508
553	46	B	1	19	20	2026-04-16 04:04:15.089558
554	46	B	1	19	21	2026-04-16 04:04:45.076548
555	46	A	1	20	21	2026-04-16 04:04:59.866207
556	46	A	1	21	21	2026-04-16 04:05:21.071315
557	46	A	1	22	21	2026-04-16 04:05:56.990443
558	46	A	1	23	21	2026-04-16 04:06:06.379366
559	46	A	1	24	21	2026-04-16 04:06:18.864076
560	46	A	1	25	21	2026-04-16 04:07:08.939231
561	46	A	1	26	21	2026-04-16 04:07:25.603436
562	46	B	1	26	22	2026-04-16 04:07:41.601132
563	46	A	1	27	22	2026-04-16 04:08:00.675738
564	46	A	1	28	22	2026-04-16 04:08:25.512759
565	46	A	1	29	22	2026-04-16 04:09:03.163404
566	46	B	1	29	23	2026-04-16 04:09:22.823971
567	46	A	1	30	23	2026-04-16 04:10:08.897501
568	46	A	1	31	23	2026-04-16 04:10:09.524956
569	46	A	1	32	23	2026-04-16 04:10:10.36005
570	46	A	1	33	23	2026-04-16 04:10:11.234205
571	46	B	1	33	24	2026-04-16 04:10:24.951428
572	46	B	1	33	25	2026-04-16 04:10:40.199717
573	46	A	1	34	25	2026-04-16 04:10:52.091787
574	46	B	1	34	26	2026-04-16 04:11:03.189835
575	46	A	1	35	26	2026-04-16 04:11:16.328499
576	46	A	1	36	26	2026-04-16 04:11:28.549339
577	46	B	1	36	27	2026-04-16 04:11:45.828758
578	46	A	1	37	27	2026-04-16 04:12:09.050425
579	46	B	1	37	28	2026-04-16 04:12:16.613324
580	46	A	1	38	28	2026-04-16 04:12:28.04108
581	46	A	1	39	28	2026-04-16 04:13:00.290904
582	46	B	1	39	29	2026-04-16 04:13:15.566031
583	46	B	1	39	30	2026-04-16 04:13:37.14404
584	46	A	1	40	30	2026-04-16 04:13:58.089876
585	46	B	1	40	31	2026-04-16 04:14:17.328871
586	46	A	1	41	31	2026-04-16 04:14:30.117395
587	46	A	1	42	31	2026-04-16 04:14:47.627181
588	46	B	1	42	32	2026-04-16 04:15:11.2243
589	46	A	1	43	32	2026-04-16 04:15:25.968271
590	46	B	1	43	33	2026-04-16 04:15:35.19564
591	46	B	1	43	34	2026-04-16 04:15:48.825186
592	46	A	1	44	34	2026-04-16 04:16:07.742165
593	46	A	1	45	34	2026-04-16 04:16:30.248718
594	46	A	1	46	34	2026-04-16 04:16:44.732436
595	46	A	-1	45	34	2026-04-16 04:17:05.822627
596	46	B	1	45	35	2026-04-16 04:17:07.081599
597	46	B	1	45	36	2026-04-16 04:17:08.806896
598	46	A	1	46	36	2026-04-16 04:17:27.021998
599	46	A	1	47	36	2026-04-16 04:18:15.600279
600	46	A	1	48	36	2026-04-16 04:18:28.231517
601	46	B	1	48	37	2026-04-16 04:18:46.699905
602	46	B	1	48	38	2026-04-16 04:19:00.752041
603	46	A	1	49	38	2026-04-16 04:19:57.762715
604	46	A	1	50	38	2026-04-16 04:20:15.529828
605	47	A	1	1	0	2026-04-16 10:15:28.108946
606	47	A	1	2	0	2026-04-16 10:15:30.699669
\.


--
-- Data for Name: team; Type: TABLE DATA; Schema: public; Owner: -
--

COPY public.team (id, name, grade, "classNumber", category, "pointsAdjustment", "createdAt") FROM stdin;
1	여자연합 AC	\N	\N	CLUB	0	2026-04-09 11:28:25.056965
2	여자연합 BD	\N	\N	CLUB	0	2026-04-09 11:28:25.064475
5	1학년 3반	1	3	GRADE	0	2026-04-09 11:28:25.086651
6	1학년 4반	1	4	GRADE	0	2026-04-09 11:28:25.090172
7	2학년 1반	2	1	GRADE	0	2026-04-09 11:28:25.093872
8	2학년 2반	2	2	GRADE	0	2026-04-09 11:28:25.096827
9	2학년 3반	2	3	GRADE	0	2026-04-09 11:28:25.104746
10	2학년 4반	2	4	GRADE	0	2026-04-09 11:28:25.108073
11	3학년 1반	3	1	GRADE	0	2026-04-09 11:28:25.113014
12	3학년 2반	3	2	GRADE	0	2026-04-09 11:28:25.1208
13	3학년 3반	3	3	GRADE	0	2026-04-09 11:28:25.124466
14	3학년 4반	3	4	GRADE	0	2026-04-09 11:28:25.12743
15	A팀	\N	\N	CLUB	0	2026-04-09 11:28:25.130691
16	B팀	\N	\N	CLUB	0	2026-04-09 11:28:25.134481
17	C팀	\N	\N	CLUB	0	2026-04-09 11:28:25.137418
18	D팀	\N	\N	CLUB	0	2026-04-09 11:28:25.141048
3	1학년 1반	1	1	GRADE	0	2026-04-09 11:28:25.071714
4	1학년 2반	1	2	GRADE	0	2026-04-09 11:28:25.07911
\.


--
-- Data for Name: team_subscription; Type: TABLE DATA; Schema: public; Owner: -
--

COPY public.team_subscription (id, "userSub", "teamId", "createdAt") FROM stdin;
\.


--
-- Name: match_id_seq; Type: SEQUENCE SET; Schema: public; Owner: -
--

SELECT pg_catalog.setval('public.match_id_seq', 61, true);


--
-- Name: notification_record_id_seq; Type: SEQUENCE SET; Schema: public; Owner: -
--

SELECT pg_catalog.setval('public.notification_record_id_seq', 1, false);


--
-- Name: score_log_id_seq; Type: SEQUENCE SET; Schema: public; Owner: -
--

SELECT pg_catalog.setval('public.score_log_id_seq', 606, true);


--
-- Name: team_id_seq; Type: SEQUENCE SET; Schema: public; Owner: -
--

SELECT pg_catalog.setval('public.team_id_seq', 18, true);


--
-- Name: team_subscription_id_seq; Type: SEQUENCE SET; Schema: public; Owner: -
--

SELECT pg_catalog.setval('public.team_subscription_id_seq', 1, false);


--
-- Name: team_subscription PK_1850ee009a1398d91459975d069; Type: CONSTRAINT; Schema: public; Owner: -
--

ALTER TABLE ONLY public.team_subscription
    ADD CONSTRAINT "PK_1850ee009a1398d91459975d069" PRIMARY KEY (id);


--
-- Name: push_subscription PK_27ae9074fc39a09bc1aee263df5; Type: CONSTRAINT; Schema: public; Owner: -
--

ALTER TABLE ONLY public.push_subscription
    ADD CONSTRAINT "PK_27ae9074fc39a09bc1aee263df5" PRIMARY KEY (endpoint);


--
-- Name: score_log PK_391df523cdc37b21fdd552d0ad5; Type: CONSTRAINT; Schema: public; Owner: -
--

ALTER TABLE ONLY public.score_log
    ADD CONSTRAINT "PK_391df523cdc37b21fdd552d0ad5" PRIMARY KEY (id);


--
-- Name: notification_record PK_876d6d53db180524f54b94dac5a; Type: CONSTRAINT; Schema: public; Owner: -
--

ALTER TABLE ONLY public.notification_record
    ADD CONSTRAINT "PK_876d6d53db180524f54b94dac5a" PRIMARY KEY (id);


--
-- Name: match PK_92b6c3a6631dd5b24a67c69f69d; Type: CONSTRAINT; Schema: public; Owner: -
--

ALTER TABLE ONLY public.match
    ADD CONSTRAINT "PK_92b6c3a6631dd5b24a67c69f69d" PRIMARY KEY (id);


--
-- Name: team PK_f57d8293406df4af348402e4b74; Type: CONSTRAINT; Schema: public; Owner: -
--

ALTER TABLE ONLY public.team
    ADD CONSTRAINT "PK_f57d8293406df4af348402e4b74" PRIMARY KEY (id);


--
-- Name: IDX_658e780029576d01320b505ae7; Type: INDEX; Schema: public; Owner: -
--

CREATE INDEX "IDX_658e780029576d01320b505ae7" ON public.push_subscription USING btree ("userSub");


--
-- Name: IDX_9746ee58474136832f77d42020; Type: INDEX; Schema: public; Owner: -
--

CREATE INDEX "IDX_9746ee58474136832f77d42020" ON public.push_subscription USING btree ("teamId");


--
-- Name: IDX_bc1358316da326557f94fdc68a; Type: INDEX; Schema: public; Owner: -
--

CREATE UNIQUE INDEX "IDX_bc1358316da326557f94fdc68a" ON public.team_subscription USING btree ("userSub", "teamId");


--
-- Name: match FK_954f8d7997e49ee77fb7bd84062; Type: FK CONSTRAINT; Schema: public; Owner: -
--

ALTER TABLE ONLY public.match
    ADD CONSTRAINT "FK_954f8d7997e49ee77fb7bd84062" FOREIGN KEY ("teamBId") REFERENCES public.team(id);


--
-- Name: match FK_ed5f9ae2f22492649e603c01e3c; Type: FK CONSTRAINT; Schema: public; Owner: -
--

ALTER TABLE ONLY public.match
    ADD CONSTRAINT "FK_ed5f9ae2f22492649e603c01e3c" FOREIGN KEY ("teamAId") REFERENCES public.team(id);


--
-- PostgreSQL database dump complete
--

\unrestrict iQuvEjMCRKa2BPZlKiu2PQ8RPFjuuSONp6pQsHp8DDUahGvbXsiUOZFdSzRzmFE

